,Open,High,Low,Close,Volume
2021-11-29,201.8699951171875,204.27999877929688,195.3300018310547,198.5,12276200.0
2021-11-30,196.02000427246094,198.82000732421875,193.85000610351562,197.85000610351562,12638900.0
2021-12-01,200.80999755859375,201.6199951171875,188.0,188.19000244140625,13268700.0
2021-12-02,196.8000030517578,202.5399932861328,192.41000366210938,202.3800048828125,20435400.0
2021-12-03,198.6999969482422,199.89999389648438,195.4199981689453,198.49000549316406,10742700.0
2021-12-06,199.77000427246094,206.4199981689453,199.1999969482422,205.8800048828125,11587900.0
2021-12-07,207.05999755859375,211.64999389648438,206.3800048828125,208.8300018310547,10387900.0
2021-12-08,209.17999267578125,212.67999267578125,207.7100067138672,211.02999877929688,6986800.0
2021-12-09,207.52999877929688,208.5500030517578,205.1999969482422,207.55999755859375,7011000.0
2021-12-10,208.80999755859375,209.0,203.47999572753906,205.05999755859375,6040000.0
2021-12-13,202.5,202.80999755859375,195.5500030517578,197.39999389648438,10619600.0
2021-12-14,195.60000610351562,200.5,195.17999267578125,195.5,8445100.0
2021-12-15,195.27999877929688,196.5800018310547,190.32000732421875,195.42999267578125,10535900.0
2021-12-16,197.0,198.32000732421875,190.44000244140625,190.7899932861328,8216800.0
2021-12-17,190.27000427246094,194.77000427246094,187.8800048828125,192.6300048828125,12618300.0
2021-12-20,188.11000061035156,190.36000061035156,185.25999450683594,188.47999572753906,10256400.0
2021-12-21,190.27999877929688,199.69000244140625,190.0399932861328,199.52000427246094,12082300.0
2021-12-22,199.4600067138672,202.92999267578125,197.94000244140625,201.69000244140625,8145300.0
2021-12-23,202.1300048828125,205.1300048828125,201.32000732421875,204.22000122070312,7415200.0
2021-12-24,202.1300048828125,205.1300048828125,201.32000732421875,204.22000122070312,7415200.0
2021-12-27,201.99000549316406,203.42999267578125,199.10000610351562,203.1699981689453,7818900.0
2021-12-28,202.22999572753906,208.94000244140625,201.64999389648438,206.1300048828125,8879700.0
2021-12-29,205.36000061035156,205.41000366210938,202.60000610351562,203.66000366210938,6119000.0
2021-12-30,203.0,206.0,202.60000610351562,202.7100067138672,7012600.0
2021-12-31,202.1999969482422,203.69000244140625,200.02999877929688,201.32000732421875,8053000.0
2022-01-03,204.0,210.5500030517578,203.33999633789062,207.86000061035156,9060200.0
2022-01-04,211.3000030517578,214.55999755859375,209.77999877929688,213.6300048828125,11414600.0
2022-01-05,216.63999938964844,218.92999267578125,211.80999755859375,213.07000732421875,11564700.0
2022-01-06,214.63999938964844,216.0,207.86000061035156,211.33999633789062,7142200.0
2022-01-07,212.97999572753906,218.32000732421875,212.3800048828125,215.5,9526400.0
2022-01-10,214.25999450683594,215.27999877929688,207.1300048828125,209.30999755859375,8229000.0
2022-01-11,209.0,217.02999877929688,208.41000366210938,216.02000427246094,8098400.0
2022-01-12,217.08999633789062,221.24000549316406,216.3000030517578,217.4499969482422,9134500.0
2022-01-13,222.25,226.88999938964844,220.0500030517578,223.89999389648438,17628000.0
2022-01-14,222.16000366210938,226.1999969482422,220.25,225.9600067138672,8053500.0
2022-01-17,222.16000366210938,226.1999969482422,220.25,225.9600067138672,8053500.0
2022-01-18,224.5,229.6699981689453,224.25999450683594,225.00999450683594,8930700.0
2022-01-19,225.10000610351562,225.4199981689453,216.94000244140625,217.0800018310547,9382800.0
2022-01-20,217.3800048828125,221.9499969482422,213.4199981689453,214.19000244140625,7636800.0
2022-01-21,213.7899932861328,213.7899932861328,204.57000732421875,205.44000244140625,11548500.0
2022-01-24,199.85000610351562,204.8000030517578,192.50999450683594,204.1999969482422,13796500.0
2022-01-25,200.10000610351562,205.6300048828125,197.5500030517578,204.10000610351562,8824500.0
2022-01-26,206.2100067138672,206.2100067138672,191.9199981689453,194.27000427246094,19974400.0
2022-01-27,196.3800048828125,199.7100067138672,188.63999938964844,189.75,12670100.0
2022-01-28,188.77999877929688,190.72000122070312,183.77000427246094,190.57000732421875,10966700.0
2022-01-31,190.72999572753906,200.33999633789062,190.0,200.24000549316406,15504600.0
2022-02-01,202.47999572753906,208.88999938964844,200.5,208.33999633789062,12265100.0
2022-02-02,205.42999267578125,208.38999938964844,203.2100067138672,207.52000427246094,7843700.0
2022-02-03,206.05999755859375,209.10000610351562,204.25999450683594,206.38999938964844,7054700.0
2022-02-04,205.0,208.25,203.10000610351562,206.4499969482422,5952600.0
2022-02-07,205.7899932861328,214.3699951171875,205.4199981689453,211.9199981689453,11816900.0
2022-02-08,212.67999267578125,213.8699951171875,209.69000244140625,213.27000427246094,7356200.0
2022-02-09,214.91000366210938,217.0399932861328,213.3000030517578,215.86000061035156,7587700.0
2022-02-10,213.7100067138672,223.22999572753906,213.6999969482422,218.75,11695900.0
2022-02-11,217.8699951171875,221.4199981689453,210.27000427246094,212.3000030517578,11443700.0
2022-02-14,213.0,215.6300048828125,208.75999450683594,210.0399932861328,6481400.0
2022-02-15,214.83999633789062,219.5399932861328,213.69000244140625,217.72999572753906,10448500.0
2022-02-16,216.10000610351562,219.67999267578125,215.27999877929688,218.92999267578125,5698900.0
2022-02-17,218.47000122070312,218.5800018310547,212.6699981689453,213.5800018310547,6176600.0
2022-02-18,212.55999755859375,214.72999572753906,208.60000610351562,209.02999877929688,6973600.0
2022-02-21,212.55999755859375,214.72999572753906,208.60000610351562,209.02999877929688,6973600.0
2022-02-22,205.0,206.89999389648438,197.82000732421875,198.74000549316406,10382100.0
2022-02-23,201.1300048828125,203.25,195.91000366210938,196.4199981689453,7326300.0
2022-02-24,189.2899932861328,198.86000061035156,186.8800048828125,198.42999267578125,12207600.0
2022-02-25,201.08999633789062,204.07000732421875,199.10000610351562,201.47999572753906,8730300.0
2022-02-28,198.5800018310547,207.30999755859375,196.75,205.33999633789062,9859300.0
2022-03-01,203.11000061035156,203.5,192.92999267578125,194.91000366210938,11799500.0
2022-03-02,196.27000427246094,199.85000610351562,194.63999938964844,197.80999755859375,7463400.0
2022-03-03,197.94000244140625,198.5,188.7100067138672,188.85000610351562,12424500.0
2022-03-04,187.3699951171875,188.32000732421875,178.97000122070312,180.83999633789062,13084000.0
2022-03-07,181.02999877929688,182.72000122070312,169.05999755859375,169.1699981689453,12847500.0
2022-03-08,169.72999572753906,180.82000732421875,167.5800018310547,173.8000030517578,13715500.0
2022-03-09,179.8000030517578,182.8699951171875,177.41000366210938,178.55999755859375,10062100.0
2022-03-10,175.75999450683594,182.02000427246094,175.38999938964844,178.38999938964844,8364100.0
2022-03-11,183.58999633789062,184.86000061035156,175.9499969482422,176.22999572753906,9373600.0
2022-03-14,175.8800048828125,178.22999572753906,172.57000732421875,175.52000427246094,8138900.0
2022-03-15,176.3000030517578,180.5,175.60000610351562,179.88999938964844,8051500.0
2022-03-16,183.38999938964844,189.60000610351562,182.3000030517578,188.99000549316406,12077500.0
2022-03-17,186.36000061035156,190.24000549316406,185.27000427246094,190.19000244140625,8126600.0
2022-03-18,192.07000732421875,193.3800048828125,190.10000610351562,192.8300018310547,12849600.0
2022-03-21,184.39999389648438,187.27000427246094,180.61000061035156,185.89999389648438,27369600.0
2022-03-22,185.24000549316406,192.86000061035156,184.52000427246094,191.0399932861328,14378500.0
2022-03-23,189.6699981689453,190.16000366210938,185.02999877929688,186.0399932861328,8297800.0
2022-03-24,186.35000610351562,189.19000244140625,184.72000122070312,189.0500030517578,7094400.0
2022-03-25,187.75999450683594,191.6999969482422,186.92999267578125,188.9499969482422,6365600.0
2022-03-28,188.42999267578125,189.25999450683594,184.47000122070312,188.16000366210938,6904100.0
2022-03-29,191.6199951171875,196.36000061035156,191.1999969482422,193.8000030517578,8438700.0
2022-03-30,192.32000732421875,197.4499969482422,191.36000061035156,194.91000366210938,9959300.0
2022-03-31,195.0,197.5800018310547,191.4499969482422,191.5,6447900.0
2022-04-01,192.5800018310547,192.6199951171875,188.77999877929688,190.75999450683594,4862100.0
2022-04-04,190.02000427246094,191.83999633789062,186.91000366210938,191.17999267578125,7792100.0
2022-04-05,189.6999969482422,192.35000610351562,182.52000427246094,182.64999389648438,9371600.0
2022-04-06,180.39999389648438,180.57000732421875,176.5800018310547,178.72000122070312,8173900.0
2022-04-07,178.1300048828125,178.66000366210938,173.8699951171875,177.97000122070312,7517800.0
2022-04-08,176.5399932861328,178.1300048828125,174.24000549316406,175.1999969482422,6524100.0
2022-04-11,173.83999633789062,179.6699981689453,173.39999389648438,175.02999877929688,6001100.0
2022-04-12,175.5,178.5,174.52999877929688,176.27999877929688,6125100.0
2022-04-13,176.9600067138672,183.4600067138672,176.9600067138672,182.8699951171875,7399900.0
2022-04-14,182.75,185.5399932861328,181.63999938964844,181.94000244140625,5144600.0
2022-04-15,182.75,185.5399932861328,181.63999938964844,181.94000244140625,5144600.0
2022-04-18,181.4499969482422,182.4600067138672,178.5500030517578,179.85000610351562,5042600.0
2022-04-19,180.36000061035156,187.61000061035156,180.27999877929688,185.97999572753906,7485600.0
2022-04-20,187.24000549316406,187.33999633789062,182.86000061035156,183.5500030517578,6824300.0
2022-04-21,188.72999572753906,189.85000610351562,180.5500030517578,181.02000427246094,7446100.0
2022-04-22,180.77999877929688,182.6699981689453,176.5,176.9199981689453,6372400.0
2022-04-25,174.50999450683594,176.0800018310547,172.4499969482422,175.91000366210938,6293100.0
2022-04-26,174.75999450683594,174.8699951171875,166.85000610351562,167.0399932861328,9277300.0
2022-04-27,161.25,161.25,146.0,154.4600067138672,40371700.0
2022-04-28,156.61000061035156,156.7899932861328,149.0,154.22000122070312,13518800.0
2022-04-29,153.44000244140625,157.02999877929688,148.52000427246094,148.83999633789062,10880300.0
2022-05-02,148.02000427246094,149.4499969482422,143.3800048828125,148.61000061035156,12399200.0
2022-05-03,149.08999633789062,154.4499969482422,147.91000366210938,153.5800018310547,10149500.0
2022-05-04,152.91000366210938,157.13999938964844,150.77000427246094,156.97000122070312,9550600.0
2022-05-05,155.69000244140625,157.99000549316406,149.0500030517578,150.47000122070312,7950800.0
2022-05-06,149.9600067138672,150.89999389648438,145.85000610351562,148.89999389648438,7697900.0
2022-05-09,146.0,146.9499969482422,132.64999389648438,133.30999755859375,12593800.0
2022-05-10,136.75999450683594,137.83999633789062,130.3300018310547,132.9499969482422,11781400.0
2022-05-11,132.9499969482422,138.9600067138672,129.11000061035156,129.38999938964844,11388400.0
2022-05-12,126.88999938964844,128.52999877929688,120.27999877929688,123.13999938964844,15891300.0
2022-05-13,124.9800033569336,130.8000030517578,122.37999725341797,127.19999694824219,20891500.0
2022-05-16,127.05000305175781,131.1199951171875,122.3499984741211,124.05000305175781,10631600.0
2022-05-17,126.91000366210938,132.8300018310547,125.79000091552734,132.0500030517578,12154200.0
2022-05-18,130.33999633789062,132.10000610351562,124.36000061035156,125.5199966430664,9567600.0
2022-05-19,124.4000015258789,128.39999389648438,123.69999694824219,127.13999938964844,8075800.0
2022-05-20,128.77000427246094,128.85000610351562,117.08000183105469,120.69999694824219,18822200.0
2022-05-23,121.69999694824219,124.4800033569336,120.33999633789062,124.06999969482422,9341500.0
2022-05-24,122.44000244140625,122.69999694824219,117.29000091552734,119.4000015258789,9092400.0
2022-05-25,119.16999816894531,122.5999984741211,118.76000213623047,122.05999755859375,7707900.0
2022-05-26,123.0999984741211,128.83999633789062,122.73999786376953,127.7300033569336,8333900.0
2022-05-27,128.77000427246094,132.22999572753906,128.32000732421875,132.22999572753906,7261500.0
2022-05-30,128.77000427246094,132.22999572753906,128.32000732421875,132.22999572753906,7261500.0
2022-05-31,131.02999877929688,132.99000549316406,128.86000061035156,131.39999389648438,7953700.0
2022-06-01,133.0,134.3300018310547,127.01000213623047,130.64999389648438,9991600.0
2022-06-02,132.13999938964844,140.5500030517578,131.8699951171875,140.5,12777000.0
2022-06-03,138.52000427246094,140.6999969482422,137.58999633789062,139.25,10091800.0
2022-06-06,139.99000549316406,141.13999938964844,136.8300018310547,139.24000549316406,6354800.0
2022-06-07,137.49000549316406,141.24000549316406,135.91000366210938,140.82000732421875,5436100.0
2022-06-08,139.1300048828125,142.2100067138672,138.44000244140625,139.6300048828125,5833700.0
2022-06-09,139.35000610351562,139.66000366210938,133.6999969482422,133.72999572753906,6010100.0
2022-06-10,130.27000427246094,132.19000244140625,126.8499984741211,127.0,7770700.0
2022-06-13,123.0,123.25,114.13999938964844,115.86000061035156,16778500.0
2022-06-14,116.6500015258789,122.19000244140625,113.0199966430664,122.16000366210938,17549800.0
2022-06-15,124.3499984741211,134.99000549316406,123.83000183105469,133.72000122070312,25997800.0
2022-06-16,131.6999969482422,135.33999633789062,131.25999450683594,133.36000061035156,19543600.0
2022-06-17,132.25,138.97999572753906,131.5,136.8000030517578,16042500.0
2022-06-20,132.25,138.97999572753906,131.5,136.8000030517578,16042500.0
2022-06-21,139.1699981689453,140.94000244140625,135.83999633789062,136.75,10519900.0
2022-06-22,134.02999877929688,138.7899932861328,133.27999877929688,137.16000366210938,7713300.0
2022-06-23,136.4199981689453,137.4199981689453,130.08999633789062,133.97000122070312,10746900.0
2022-06-24,135.00999450683594,141.8699951171875,134.9499969482422,141.52999877929688,13626200.0
2022-06-27,140.27999877929688,140.57000732421875,136.22000122070312,138.72000122070312,8457400.0
2022-06-28,140.88999938964844,147.17999267578125,138.5399932861328,138.6999969482422,12125400.0
2022-06-29,138.61000061035156,138.9199981689453,134.83999633789062,138.4499969482422,7489200.0
2022-06-30,134.3000030517578,137.49000549316406,131.60000610351562,136.72000122070312,8455100.0
2022-07-01,135.8800048828125,141.7899932861328,135.39999389648438,139.83999633789062,7627100.0
2022-07-04,135.8800048828125,141.7899932861328,135.39999389648438,139.83999633789062,7627100.0
2022-07-05,136.25,138.07000732421875,131.2899932861328,137.6999969482422,10065900.0
2022-07-06,137.5399932861328,138.7100067138672,134.4600067138672,136.30999755859375,6608000.0
2022-07-07,137.92999267578125,142.27999877929688,137.89999389648438,139.97000122070312,7674400.0
2022-07-08,139.6999969482422,140.74000549316406,137.3699951171875,139.07000732421875,5655500.0
2022-07-11,137.77000427246094,139.24000549316406,134.88999938964844,136.99000549316406,6176500.0
2022-07-12,136.86000061035156,149.32000732421875,136.80999755859375,147.14999389648438,18598200.0
2022-07-13,142.7899932861328,146.41000366210938,142.17999267578125,143.9499969482422,9038700.0
2022-07-14,141.11000061035156,147.49000549316406,140.61000061035156,147.14999389648438,9456100.0
2022-07-15,149.1699981689453,149.74000549316406,144.64999389648438,147.74000549316406,7910400.0
2022-07-18,153.30999755859375,155.94000244140625,147.1999969482422,147.72000122070312,13948500.0
2022-07-19,149.61000061035156,156.27999877929688,148.97000122070312,156.1300048828125,14183000.0
2022-07-20,156.0,159.39999389648438,154.25999450683594,158.3800048828125,8668600.0
2022-07-21,158.88999938964844,161.66000366210938,156.19000244140625,161.41000366210938,8044100.0
2022-07-22,161.8000030517578,163.33999633789062,157.77000427246094,158.16000366210938,7594900.0
2022-07-25,156.94000244140625,157.30999755859375,152.83999633789062,156.63999938964844,5764700.0
2022-07-26,155.24000549316406,158.17999267578125,154.5,155.9199981689453,6053100.0
2022-07-27,161.1199951171875,162.74000549316406,152.8000030517578,156.08999633789062,16356600.0
2022-07-28,154.02000427246094,160.10000610351562,153.02999877929688,159.08999633789062,8729100.0
2022-07-29,157.9499969482422,159.83999633789062,155.5399932861328,159.30999755859375,5743500.0
2022-08-01,165.9499969482422,171.75999450683594,164.25,169.07000732421875,18321600.0
2022-08-02,167.0,167.3300018310547,163.13999938964844,163.27999877929688,10874300.0
2022-08-03,164.50999450683594,167.52000427246094,162.3300018310547,166.63999938964844,6709100.0
2022-08-04,165.77000427246094,168.1199951171875,164.41000366210938,166.5,5039600.0
2022-08-05,164.39999389648438,167.07000732421875,163.92999267578125,165.0399932861328,4709100.0
2022-08-08,166.41000366210938,171.08999633789062,164.7100067138672,165.88999938964844,11293200.0
2022-08-09,166.50999450683594,166.50999450683594,163.4499969482422,164.85000610351562,6064800.0
2022-08-10,168.35000610351562,171.13999938964844,167.25,169.02000427246094,7181700.0
2022-08-11,170.5,171.75999450683594,167.0500030517578,167.8800048828125,4996800.0
2022-08-12,168.38999938964844,170.11000061035156,167.57000732421875,169.99000549316406,4345200.0
2022-08-15,169.2899932861328,172.5500030517578,168.32000732421875,170.47000122070312,4734700.0
2022-08-16,170.0,173.85000610351562,169.14999389648438,172.0800018310547,5259600.0
2022-08-17,169.61000061035156,169.85000610351562,166.08999633789062,167.1999969482422,6533500.0
2022-08-18,167.1999969482422,169.17999267578125,165.77000427246094,168.69000244140625,4404600.0
2022-08-19,166.3300018310547,166.83999633789062,162.5800018310547,162.9199981689453,5736100.0
2022-08-22,159.39999389648438,160.27000427246094,157.91000366210938,158.97999572753906,5312300.0
2022-08-23,159.13999938964844,161.69000244140625,159.0800018310547,160.07000732421875,3425200.0
2022-08-24,162.27000427246094,164.13999938964844,161.3800048828125,163.60000610351562,4211300.0
2022-08-25,164.55999755859375,169.64999389648438,163.6999969482422,169.3800048828125,4949400.0
2022-08-26,170.0,171.3699951171875,164.27000427246094,164.52999877929688,4957400.0
2022-08-29,162.27999877929688,166.89999389648438,162.1999969482422,165.4199981689453,4727600.0
2022-08-30,167.27000427246094,169.9199981689453,160.72000122070312,162.2100067138672,6248600.0
2022-08-31,163.0,163.5500030517578,160.13999938964844,160.25,4123500.0
2022-09-01,158.0,158.89999389648438,150.82000732421875,153.66000366210938,7652000.0
2022-09-02,155.19000244140625,156.99000549316406,151.47999572753906,151.82000732421875,5262800.0
2022-09-05,155.19000244140625,156.99000549316406,151.47999572753906,151.82000732421875,5262800.0
2022-09-06,152.38999938964844,154.47999572753906,150.4600067138672,152.38999938964844,5210500.0
2022-09-07,151.25999450683594,156.35000610351562,150.8699951171875,155.9499969482422,5298600.0
2022-09-08,155.0,158.3000030517578,153.83999633789062,157.7899932861328,4949100.0
2022-09-09,158.0,159.75,156.9499969482422,157.52000427246094,5775800.0
2022-09-12,158.4600067138672,160.97000122070312,157.4499969482422,158.72000122070312,5363100.0
2022-09-13,153.60000610351562,155.19000244140625,147.1300048828125,147.30999755859375,8724900.0
2022-09-14,146.89999389648438,149.6999969482422,144.3000030517578,149.25999450683594,8478000.0
2022-09-15,147.8800048828125,153.4499969482422,147.27999877929688,149.77999877929688,9792800.0
2022-09-16,145.22999572753906,145.6300048828125,141.35000610351562,144.2899932861328,10310700.0
2022-09-19,142.6199951171875,146.99000549316406,142.35000610351562,144.8800048828125,5150700.0
2022-09-20,145.25999450683594,147.6699981689453,143.89999389648438,145.94000244140625,6737600.0
2022-09-21,146.77000427246094,149.8699951171875,143.2100067138672,143.2899932861328,6244300.0
2022-09-22,143.1300048828125,143.6999969482422,138.2899932861328,138.7100067138672,6311800.0
2022-09-23,135.64999389648438,136.19000244140625,129.5,131.25999450683594,8927900.0
2022-09-26,129.77000427246094,132.4499969482422,126.87999725341797,127.33999633789062,7095100.0
2022-09-27,129.32000732421875,130.4499969482422,125.5999984741211,127.51000213623047,6682300.0
2022-09-28,128.0399932861328,133.88999938964844,127.4000015258789,133.44000244140625,10257200.0
2022-09-29,131.1999969482422,131.61000061035156,123.80000305175781,125.33000183105469,8905400.0
2022-09-30,123.13999938964844,125.4800033569336,120.98999786376953,121.08000183105469,8383000.0
2022-10-03,122.0,127.1500015258789,121.0199966430664,126.05000305175781,7962400.0
2022-10-04,129.39999389648438,133.57000732421875,129.3300018310547,133.50999450683594,7235700.0
2022-10-05,130.27999877929688,133.5500030517578,128.25999450683594,132.11000061035156,6268300.0
2022-10-06,131.1300048828125,133.30999755859375,129.74000549316406,132.1999969482422,4454700.0
2022-10-07,130.36000061035156,130.61000061035156,128.02000427246094,129.7899932861328,5097400.0
2022-10-10,131.4199981689453,135.74000549316406,130.1999969482422,131.89999389648438,6829900.0
2022-10-11,132.9600067138672,135.36000061035156,129.50999450683594,131.57000732421875,8508400.0
2022-10-12,128.42999267578125,131.33999633789062,127.86000061035156,130.4199981689453,6393000.0
2022-10-13,126.5,134.6999969482422,124.16999816894531,132.39999389648438,7842300.0
2022-10-14,135.58999633789062,136.41000366210938,131.3699951171875,133.14999389648438,6093900.0
2022-10-17,136.97999572753906,137.27999877929688,133.25999450683594,136.08999633789062,9073500.0
2022-10-18,139.0,139.4199981689453,135.22000122070312,137.33999633789062,6146300.0
2022-10-19,137.1699981689453,141.1999969482422,136.6300048828125,138.38999938964844,6321900.0
2022-10-20,138.36000061035156,141.8800048828125,138.36000061035156,139.1300048828125,4331700.0
2022-10-21,138.47999572753906,141.3300018310547,136.6199951171875,141.32000732421875,5451300.0
2022-10-24,142.85000610351562,142.8800048828125,139.27999877929688,142.0500030517578,5177800.0
2022-10-25,142.08999633789062,146.8800048828125,141.8800048828125,146.64999389648438,6515600.0
2022-10-26,147.0500030517578,150.13999938964844,132.2100067138672,133.7899932861328,29406500.0
2022-10-27,137.10000610351562,143.10000610351562,136.6199951171875,139.75999450683594,13754900.0
2022-10-28,141.16000366210938,144.72999572753906,139.92999267578125,143.83999633789062,7941100.0
2022-10-31,141.8800048828125,144.4499969482422,139.52000427246094,142.50999450683594,6212200.0
2022-11-01,143.99000549316406,145.25,141.83999633789062,143.3800048828125,5758600.0
2022-11-02,142.1199951171875,153.58999633789062,141.5399932861328,147.41000366210938,20236100.0
2022-11-03,148.7899932861328,158.69000244140625,147.5,156.75,16212600.0
2022-11-04,156.66000366210938,160.97999572753906,154.5,160.00999450683594,9396200.0
2022-11-07,161.39999389648438,166.6999969482422,160.6300048828125,164.91000366210938,10220300.0
2022-11-08,166.0,170.5500030517578,164.91000366210938,169.6199951171875,11274500.0
2022-11-09,169.2899932861328,171.6199951171875,166.86000061035156,168.74000549316406,8893800.0
2022-11-10,172.13999938964844,179.32000732421875,171.75,177.5800018310547,12375000.0
2022-11-11,176.39999389648438,178.02999877929688,172.99000549316406,177.49000549316406,8894300.0
2022-11-14,176.5,178.19000244140625,173.5,173.5500030517578,5598300.0
2022-11-15,175.49000549316406,176.69000244140625,172.75,175.35000610351562,7207900.0
2022-11-16,174.11000061035156,174.7899932861328,171.85000610351562,172.69000244140625,4438600.0
2022-11-17,169.3000030517578,173.14999389648438,168.52000427246094,172.77999877929688,4878600.0
2022-11-18,173.97999572753906,175.19000244140625,171.52999877929688,173.88999938964844,4693200.0
2022-11-21,172.52999877929688,174.72000122070312,171.1199951171875,172.94000244140625,3501800.0
2022-11-22,173.64999389648438,174.99000549316406,171.0,172.5,4370600.0
2022-11-23,172.08999633789062,175.0,171.77000427246094,174.85000610351562,3523500.0
2022-11-24,172.08999633789062,175.0,171.77000427246094,174.85000610351562,3523500.0
2022-11-25,174.35000610351562,178.4600067138672,174.02999877929688,178.36000061035156,3476900.0
2022-11-28,176.1699981689453,177.13999938964844,171.6999969482422,171.8300018310547,5355500.0
2022-11-29,172.8800048828125,175.9499969482422,172.55999755859375,175.32000732421875,5077800.0
2022-11-30,178.0,179.97999572753906,174.1999969482422,178.8800048828125,6778700.0
2022-12-01,178.8800048828125,179.6999969482422,174.69000244140625,175.77999877929688,4517500.0
2022-12-02,173.1199951171875,183.4499969482422,172.85000610351562,182.8699951171875,10563800.0
2022-12-05,182.0,188.4499969482422,180.8000030517578,185.10000610351562,10456300.0
2022-12-06,184.00999450683594,184.7899932861328,177.00999450683594,178.42999267578125,8236900.0
2022-12-07,176.27999877929688,178.42999267578125,174.6199951171875,176.5,5871200.0
2022-12-08,179.32000732421875,184.8800048828125,178.61000061035156,179.0800018310547,6707700.0
2022-12-09,180.75,183.88999938964844,179.25,179.5399932861328,6359000.0
2022-12-12,180.8000030517578,186.69000244140625,180.5,186.27000427246094,8098400.0
2022-12-13,191.11000061035156,191.11000061035156,184.85000610351562,187.1300048828125,10975300.0
2022-12-14,187.3300018310547,189.6699981689453,185.41000366210938,188.25,5814900.0
2022-12-15,186.25,187.97999572753906,181.27999877929688,183.72000122070312,5343200.0
2022-12-16,182.7899932861328,186.61000061035156,181.3000030517578,184.6999969482422,7906800.0
2022-12-19,184.9199981689453,188.0399932861328,184.7100067138672,185.67999267578125,6605400.0
2022-12-20,186.17999267578125,189.91000366210938,185.74000549316406,188.2899932861328,6156800.0
2022-12-21,190.0399932861328,196.39999389648438,189.72000122070312,196.0,9175400.0
2022-12-22,193.82000732421875,194.1699981689453,185.6699981689453,188.25,6924800.0
2022-12-23,188.25,189.42999267578125,184.72000122070312,189.05999755859375,3983600.0
2022-12-26,188.25,189.42999267578125,184.72000122070312,189.05999755859375,3983600.0
2022-12-27,189.5800018310547,192.44000244140625,187.6199951171875,189.39999389648438,5014800.0
2022-12-28,189.32000732421875,191.32000732421875,187.42999267578125,188.3800048828125,4426300.0
2022-12-29,189.0,190.25,186.19000244140625,188.91000366210938,4518900.0
2022-12-30,187.5,190.64999389648438,187.0399932861328,190.49000549316406,4007400.0
2023-01-02,187.5,190.64999389648438,187.0399932861328,190.49000549316406,4007400.0
2023-01-03,192.9499969482422,197.17999267578125,192.39999389648438,195.38999938964844,8624600.0
2023-01-04,195.17999267578125,203.75999450683594,195.17999267578125,203.63999938964844,9746900.0
2023-01-05,201.72000122070312,204.99000549316406,200.77999877929688,204.99000549316406,6913300.0
2023-01-06,205.3000030517578,213.0399932861328,203.5500030517578,213.0,11256400.0
2023-01-09,212.36000061035156,213.8800048828125,207.91000366210938,208.57000732421875,9005600.0
2023-01-10,203.89999389648438,209.60000610351562,203.4600067138672,206.69000244140625,8183200.0
2023-01-11,209.8699951171875,210.47000122070312,206.69000244140625,208.02999877929688,7190700.0
2023-01-12,209.5800018310547,214.9199981689453,207.3699951171875,214.32000732421875,8208100.0
2023-01-13,212.0,216.63999938964844,211.5800018310547,214.1300048828125,6213200.0
2023-01-16,212.0,216.63999938964844,211.5800018310547,214.1300048828125,6213200.0
2023-01-17,212.7100067138672,213.33999633789062,209.07000732421875,211.41000366210938,6150700.0
2023-01-18,212.89999389648438,213.4199981689453,209.1999969482422,209.41000366210938,5403100.0
2023-01-19,206.77000427246094,209.6699981689453,204.82000732421875,207.08999633789062,5813500.0
2023-01-20,207.47000122070312,207.99000549316406,204.77999877929688,206.75999450683594,5475400.0
2023-01-23,208.36000061035156,211.08999633789062,206.99000549316406,209.97000122070312,5481900.0
2023-01-24,205.0,212.14999389648438,205.0,211.97999572753906,4753700.0
2023-01-25,205.8000030517578,214.75,203.11000061035156,212.67999267578125,16106500.0
2023-01-26,213.47999572753906,213.7899932861328,207.1999969482422,212.72999572753906,7288100.0
2023-01-27,211.32000732421875,212.8800048828125,209.4199981689453,211.1699981689453,5237900.0
2023-01-30,209.19000244140625,211.36000061035156,207.7100067138672,209.6699981689453,6066800.0
2023-01-31,210.14999389648438,213.11000061035156,208.24000549316406,213.0,5163000.0
2023-02-01,212.11000061035156,218.97000122070312,211.89999389648438,214.75,8462100.0
2023-02-02,215.14999389648438,215.2899932861328,208.3000030517578,209.33999633789062,6513400.0
2023-02-03,207.7100067138672,210.75,205.6199951171875,206.00999450683594,5400300.0
2023-02-06,205.19000244140625,208.2100067138672,203.69000244140625,206.80999755859375,3903000.0
2023-02-07,208.0399932861328,215.14999389648438,206.9199981689453,214.75999450683594,7311200.0
2023-02-08,213.07000732421875,215.77000427246094,211.77999877929688,213.5,4229800.0
2023-02-09,214.4600067138672,215.4499969482422,210.05999755859375,211.99000549316406,5018900.0
2023-02-10,212.00999450683594,214.5,210.5,212.88999938964844,4862900.0
2023-02-13,213.60000610351562,216.36000061035156,211.5,215.64999389648438,5193300.0
2023-02-14,214.02000427246094,221.3300018310547,213.14999389648438,218.4499969482422,10033100.0
2023-02-15,217.16000366210938,218.25,214.60000610351562,217.44000244140625,4846800.0
2023-02-16,215.0,216.52000427246094,212.1699981689453,212.2100067138672,4388000.0
2023-02-17,211.2100067138672,211.75999450683594,207.6199951171875,211.66000366210938,4985700.0
2023-02-20,211.2100067138672,211.75999450683594,207.6199951171875,211.66000366210938,4985700.0
2023-02-21,208.99000549316406,210.83999633789062,205.0500030517578,205.52000427246094,4663800.0
2023-02-22,205.30999755859375,207.6699981689453,204.64999389648438,205.75999450683594,2920000.0
2023-02-23,207.4499969482422,209.69000244140625,205.75999450683594,208.1300048828125,4139400.0
2023-02-24,200.0,201.6999969482422,197.36000061035156,198.14999389648438,9658700.0
2023-02-27,199.8699951171875,203.1300048828125,199.05999755859375,200.4600067138672,4318900.0
2023-02-28,201.0,202.3800048828125,199.32000732421875,201.5500030517578,3589900.0
2023-03-01,201.47000122070312,205.44000244140625,200.85000610351562,204.5500030517578,4402300.0
2023-03-02,203.77999877929688,210.3300018310547,203.14999389648438,210.05999755859375,5451500.0
2023-03-03,210.25,216.1199951171875,209.39999389648438,215.11000061035156,7496800.0
2023-03-06,214.1199951171875,214.75,209.60000610351562,211.9199981689453,7004400.0
2023-03-07,211.30999755859375,213.17999267578125,207.77999877929688,207.9199981689453,4619700.0
2023-03-08,208.25,208.8800048828125,205.94000244140625,207.1999969482422,2406900.0
2023-03-09,208.32000732421875,209.02000427246094,200.3000030517578,201.24000549316406,4284000.0
2023-03-10,201.42999267578125,205.0,197.7899932861328,203.07000732421875,8547100.0
2023-03-13,200.1999969482422,207.0800018310547,197.11000061035156,203.3699951171875,6671200.0
2023-03-14,207.52999877929688,213.55999755859375,205.0,207.27999877929688,8245700.0
2023-03-15,201.9199981689453,202.2100067138672,192.41000366210938,198.2100067138672,10894200.0
2023-03-16,196.2100067138672,203.91000366210938,194.42999267578125,203.19000244140625,6747300.0
2023-03-17,201.35000610351562,202.8300018310547,199.0,201.0500030517578,9858900.0
2023-03-20,201.1199951171875,205.8699951171875,200.8699951171875,204.77000427246094,4764000.0
2023-03-21,207.3000030517578,207.86000061035156,203.88999938964844,204.6999969482422,4673300.0
2023-03-22,203.67999267578125,203.8300018310547,196.00999450683594,196.16000366210938,7311600.0
2023-03-23,197.89999389648438,201.5,195.13999938964844,197.89999389648438,6266900.0
2023-03-24,195.5,197.57000732421875,193.9199981689453,197.52999877929688,4511600.0
2023-03-27,198.6300048828125,201.5500030517578,198.6300048828125,200.57000732421875,3891700.0
2023-03-28,200.82000732421875,206.3000030517578,200.49000549316406,204.9600067138672,5460600.0
2023-03-29,206.5,208.64999389648438,205.8800048828125,207.97000122070312,3572200.0
2023-03-30,208.97000122070312,212.8699951171875,206.52000427246094,211.0399932861328,6583400.0
2023-03-31,211.75,214.8000030517578,211.38999938964844,212.42999267578125,5147500.0
2023-04-03,212.8000030517578,218.57000732421875,212.52999877929688,215.38999938964844,6085900.0
2023-04-04,212.0,213.99000549316406,209.1199951171875,213.89999389648438,6192300.0
2023-04-05,212.22999572753906,214.22999572753906,208.6699981689453,210.0,4138400.0
2023-04-06,210.0,212.3699951171875,208.22000122070312,211.3699951171875,5618100.0
2023-04-07,210.0,212.3699951171875,208.22000122070312,211.3699951171875,5618100.0
2023-04-10,211.0,214.10000610351562,209.72999572753906,210.77999877929688,3729300.0
2023-04-11,213.2899932861328,214.5,211.86000061035156,212.32000732421875,5277500.0
2023-04-12,213.66000366210938,214.3000030517578,210.1300048828125,212.33999633789062,4600300.0
2023-04-13,213.0,213.67999267578125,211.5,213.58999633789062,4501600.0
2023-04-14,202.58999633789062,204.27999877929688,198.14999389648438,201.7100067138672,19066500.0
2023-04-17,202.0,206.10000610351562,200.8000030517578,205.02999877929688,6306800.0
2023-04-18,205.5,208.94000244140625,203.72000122070312,208.3699951171875,7445800.0
2023-04-19,207.1199951171875,210.8699951171875,206.94000244140625,208.7100067138672,4757400.0
2023-04-20,207.4199981689453,209.8800048828125,206.0800018310547,207.22999572753906,3322900.0
2023-04-21,208.0,208.3800048828125,204.17999267578125,205.14999389648438,3432300.0
2023-04-24,204.8699951171875,206.5,203.25,205.77000427246094,3058900.0
2023-04-25,204.5399932861328,204.94000244140625,201.1199951171875,202.19000244140625,4699500.0
2023-04-26,208.25,211.6999969482422,202.67999267578125,203.02999877929688,9137200.0
2023-04-27,204.64999389648438,209.08999633789062,203.52999877929688,206.0399932861328,5105200.0
2023-04-28,204.50999450683594,206.9499969482422,202.89999389648438,206.77999877929688,3709300.0
2023-05-01,206.25,208.52000427246094,203.6199951171875,203.8699951171875,3776800.0
2023-05-02,203.0,204.19000244140625,200.08999633789062,203.25,3970800.0
2023-05-03,204.36000061035156,206.10000610351562,200.5500030517578,200.92999267578125,4537900.0
2023-05-04,200.64999389648438,201.25,193.27000427246094,197.0500030517578,6934100.0
2023-05-05,198.08999633789062,199.0399932861328,196.75999450683594,198.33999633789062,3870100.0
2023-05-08,199.16000366210938,199.66000366210938,196.39999389648438,197.25999450683594,4677400.0
2023-05-09,201.2100067138672,204.61000061035156,198.77999877929688,201.8800048828125,9329500.0
2023-05-10,203.13999938964844,203.1999969482422,198.25,200.83999633789062,3923700.0
2023-05-11,199.38999938964844,202.5500030517578,198.07000732421875,201.83999633789062,3322000.0
2023-05-12,201.83999633789062,203.11000061035156,198.82000732421875,200.6999969482422,3168000.0
2023-05-15,200.00999450683594,203.32000732421875,198.64999389648438,202.77000427246094,2842700.0
2023-05-16,201.82000732421875,202.36000061035156,199.94000244140625,200.8699951171875,3012100.0
2023-05-17,202.7100067138672,208.5800018310547,202.7100067138672,206.8699951171875,6641900.0
2023-05-18,206.4499969482422,208.1699981689453,204.00999450683594,207.24000549316406,4349700.0
2023-05-19,208.11000061035156,208.3699951171875,204.6300048828125,205.49000549316406,3891500.0
2023-05-22,205.50999450683594,206.97999572753906,203.89999389648438,205.91000366210938,3094300.0
2023-05-23,204.5800018310547,207.49000549316406,202.4499969482422,202.60000610351562,4011100.0
2023-05-24,201.32000732421875,201.32000732421875,197.5,199.27000427246094,4371600.0
2023-05-25,199.99000549316406,201.75,196.60000610351562,200.8699951171875,3909200.0
2023-05-26,201.60000610351562,204.8000030517578,201.17999267578125,203.6300048828125,3820300.0
2023-05-29,201.60000610351562,204.8000030517578,201.17999267578125,203.6300048828125,3820300.0
2023-05-30,204.08999633789062,207.8000030517578,203.30999755859375,204.69000244140625,3978200.0
2023-05-31,203.5,206.19000244140625,200.91000366210938,205.6999969482422,5461600.0
2023-06-01,206.4600067138672,210.22999572753906,206.0,207.9600067138672,5125100.0
2023-06-02,210.0,215.24000549316406,210.0,213.32000732421875,7482300.0
2023-06-05,213.27999877929688,213.27999877929688,207.5,208.77999877929688,4996800.0
2023-06-06,208.3699951171875,211.67999267578125,200.61000061035156,207.2899932861328,10957200.0
2023-06-07,207.99000549316406,212.3800048828125,207.1999969482422,211.92999267578125,6462400.0
2023-06-08,212.33999633789062,220.0,212.0500030517578,218.11000061035156,9359300.0
2023-06-09,217.99000549316406,219.16000366210938,215.69000244140625,217.30999755859375,5297800.0
2023-06-12,217.16000366210938,223.91000366210938,216.6300048828125,221.55999755859375,8065400.0
2023-06-13,222.35000610351562,223.1199951171875,219.35000610351562,220.3800048828125,5881000.0
2023-06-14,221.39999389648438,221.58999633789062,216.02999877929688,216.89999389648438,5629100.0
2023-06-15,217.1699981689453,220.61000061035156,215.30999755859375,219.41000366210938,5001400.0
2023-06-16,220.72000122070312,223.8699951171875,218.97999572753906,219.99000549316406,7799500.0
2023-06-19,220.72000122070312,223.8699951171875,218.97999572753906,219.99000549316406,7799500.0
2023-06-20,218.88999938964844,219.2899932861328,211.8800048828125,212.3699951171875,8226400.0
2023-06-21,211.8300018310547,212.99000549316406,209.38999938964844,212.0800018310547,5356400.0
2023-06-22,205.61000061035156,208.5,203.64999389648438,205.61000061035156,7057500.0
2023-06-23,204.02000427246094,205.61000061035156,202.5500030517578,205.41000366210938,6334300.0
2023-06-26,206.11000061035156,207.08999633789062,204.66000366210938,205.5800018310547,3444900.0
2023-06-27,206.14999389648438,209.66000366210938,206.0800018310547,209.42999267578125,4465500.0
2023-06-28,211.2100067138672,212.19000244140625,209.4499969482422,210.72000122070312,4276100.0
2023-06-29,211.1199951171875,213.22000122070312,210.22999572753906,211.8300018310547,3443600.0
2023-06-30,213.13999938964844,213.24000549316406,209.3800048828125,211.16000366210938,5484100.0
2023-07-03,210.5,212.1699981689453,210.24000549316406,210.9199981689453,2143000.0
2023-07-04,210.5,212.1699981689453,210.24000549316406,210.9199981689453,2143000.0
2023-07-05,210.0,214.27999877929688,207.88999938964844,213.30999755859375,4921000.0
2023-07-06,212.47999572753906,213.61000061035156,209.5800018310547,212.6199951171875,4674700.0
2023-07-07,212.94000244140625,215.66000366210938,211.8300018310547,212.10000610351562,4891200.0
2023-07-10,211.83999633789062,213.58999633789062,211.22000122070312,213.30999755859375,3497100.0
2023-07-11,212.9199981689453,218.97999572753906,211.35000610351562,218.75999450683594,7458400.0
2023-07-12,219.50999450683594,221.55999755859375,216.9199981689453,217.11000061035156,5123200.0
2023-07-13,218.1300048828125,218.89999389648438,216.3000030517578,216.85000610351562,4291700.0
2023-07-14,217.0,217.02000427246094,212.80999755859375,213.1199951171875,4287900.0
2023-07-17,212.5,214.22999572753906,211.74000549316406,211.8699951171875,3621500.0
2023-07-18,211.0,213.0399932861328,209.57000732421875,211.57000732421875,5895800.0
2023-07-19,211.1199951171875,211.8699951171875,208.24000549316406,208.60000610351562,4814100.0
2023-07-20,208.8300018310547,215.10000610351562,208.8000030517578,213.61000061035156,5782200.0
2023-07-21,213.88999938964844,215.60000610351562,211.63999938964844,211.8000030517578,4053200.0
2023-07-24,212.05999755859375,215.94000244140625,211.4600067138672,215.8699951171875,4898300.0
2023-07-25,214.1999969482422,214.82000732421875,210.80999755859375,214.1199951171875,6513300.0
2023-07-26,222.16000366210938,233.08999633789062,221.77000427246094,232.8000030517578,24923800.0
2023-07-27,235.25,238.6699981689453,231.8300018310547,233.75,12018300.0
2023-07-28,236.1199951171875,240.1300048828125,235.6999969482422,238.69000244140625,7054600.0
2023-07-31,238.99000549316406,239.07000732421875,236.2100067138672,238.85000610351562,4894900.0
2023-08-01,237.5500030517578,243.10000610351562,237.30999755859375,238.00999450683594,4975200.0
2023-08-02,234.99000549316406,236.67999267578125,230.69000244140625,231.3800048828125,5326700.0
2023-08-03,231.0,233.5800018310547,230.39999389648438,231.36000061035156,3282900.0
2023-08-04,232.2899932861328,234.91000366210938,230.0800018310547,231.36000061035156,3497900.0
2023-08-07,232.74000549316406,238.97999572753906,232.74000549316406,238.25,6068000.0
2023-08-08,236.52000427246094,240.72999572753906,236.0,238.0399932861328,5149200.0
2023-08-09,238.5399932861328,241.24000549316406,236.41000366210938,237.86000061035156,4044400.0
2023-08-10,238.4499969482422,241.5800018310547,237.0399932861328,238.25999450683594,3710800.0
2023-08-11,237.61000061035156,238.25999450683594,235.1199951171875,235.72000122070312,2651000.0
2023-08-14,237.0,238.64999389648438,235.75,236.7100067138672,2486300.0
2023-08-15,235.0,235.55999755859375,231.5399932861328,232.25999450683594,3201900.0
2023-08-16,231.5,234.6699981689453,229.60000610351562,229.9499969482422,2273300.0
2023-08-17,230.57000732421875,231.63999938964844,224.25999450683594,224.5399932861328,4359400.0
2023-08-18,222.22999572753906,226.7899932861328,221.67999267578125,226.64999389648438,3580100.0
2023-08-21,226.8000030517578,227.69000244140625,225.10000610351562,227.22000122070312,2734600.0
2023-08-22,228.0800018310547,230.47999572753906,226.92999267578125,230.07000732421875,3012900.0
2023-08-23,230.0,230.5399932861328,227.11000061035156,228.5800018310547,3004500.0
2023-08-24,222.50999450683594,224.1999969482422,217.08999633789062,217.30999755859375,9132600.0
2023-08-25,218.41000366210938,223.77000427246094,212.8800048828125,223.41000366210938,12352300.0
2023-08-28,224.2100067138672,227.4499969482422,223.2899932861328,227.05999755859375,4641800.0
2023-08-29,225.8800048828125,229.39999389648438,225.66000366210938,227.25,3716700.0
2023-08-30,227.0800018310547,231.1699981689453,226.64999389648438,228.85000610351562,3328300.0
2023-08-31,229.3300018310547,230.42999267578125,222.92999267578125,224.02999877929688,6953800.0
2023-09-01,226.0,226.22999572753906,221.9499969482422,223.39999389648438,3655600.0
2023-09-04,226.0,226.22999572753906,221.9499969482422,223.39999389648438,3655600.0
2023-09-05,223.10000610351562,224.08999633789062,221.1999969482422,222.57000732421875,3246500.0
2023-09-06,221.77000427246094,222.7899932861328,216.4199981689453,217.9499969482422,4233500.0
2023-09-07,217.5,220.5500030517578,214.86000061035156,216.0500030517578,4929600.0
2023-09-08,215.8300018310547,216.0,210.50999450683594,211.27000427246094,5752000.0
2023-09-11,213.75999450683594,214.1999969482422,208.77000427246094,211.00999450683594,4522300.0
2023-09-12,209.35000610351562,212.25999450683594,208.5800018310547,210.64999389648438,3256500.0
2023-09-13,210.0,212.17999267578125,207.75,208.39999389648438,3538100.0
2023-09-14,209.13999938964844,210.44000244140625,208.10000610351562,209.0500030517578,3974800.0
2023-09-15,209.27999877929688,209.8300018310547,206.8800048828125,208.11000061035156,4668500.0
2023-09-18,207.91000366210938,207.91000366210938,204.97999572753906,205.1199951171875,4299200.0
2023-09-19,205.39999389648438,205.66000366210938,202.38999938964844,204.47999572753906,4039900.0
2023-09-20,205.8699951171875,206.25,202.30999755859375,202.3699951171875,3738800.0
2023-09-21,201.0,203.60000610351562,199.7100067138672,199.9499969482422,4745700.0
2023-09-22,199.9600067138672,200.74000549316406,197.13999938964844,197.7100067138672,4450900.0
2023-09-25,196.83999633789062,198.97999572753906,195.19000244140625,198.77999877929688,3527100.0
2023-09-26,197.7899932861328,199.38999938964844,195.4199981689453,195.63999938964844,3666300.0
2023-09-27,196.00999450683594,196.39999389648438,192.77000427246094,195.4600067138672,4015500.0
2023-09-28,193.6999969482422,195.25999450683594,190.02999877929688,190.42999267578125,8009500.0
2023-09-29,191.9199981689453,192.9499969482422,190.1699981689453,191.67999267578125,5155400.0
2023-10-02,191.47000122070312,192.44000244140625,186.92999267578125,187.8300018310547,5244700.0
2023-10-03,188.6300048828125,192.49000549316406,188.1999969482422,188.9199981689453,7285500.0
2023-10-04,188.85000610351562,190.6300048828125,184.33999633789062,186.72999572753906,7419800.0
2023-10-05,186.16000366210938,188.10000610351562,184.13999938964844,186.2899932861328,4331700.0
2023-10-06,185.3699951171875,188.63999938964844,182.5500030517578,187.3800048828125,5359600.0
2023-10-09,188.0,189.49000549316406,185.67999267578125,188.49000549316406,4575800.0
2023-10-10,190.00999450683594,194.3000030517578,188.75999450683594,193.52999877929688,8062400.0
2023-10-11,195.47000122070312,199.6199951171875,194.27000427246094,196.07000732421875,7394000.0
2023-10-12,195.10000610351562,195.6999969482422,189.9600067138672,191.3000030517578,5668300.0
2023-10-13,186.27000427246094,187.2899932861328,183.17999267578125,184.91000366210938,8215700.0
2023-10-16,185.91000366210938,186.22999572753906,182.5,184.92999267578125,4701000.0
2023-10-17,183.75,188.3300018310547,183.3000030517578,185.60000610351562,5121800.0
2023-10-18,187.22000122070312,190.25,185.0500030517578,185.69000244140625,6268100.0
2023-10-19,185.5,187.0500030517578,182.5399932861328,182.7899932861328,4043700.0
2023-10-20,182.67999267578125,183.38999938964844,179.85000610351562,180.0399932861328,4514100.0
2023-10-23,179.44000244140625,183.72000122070312,178.42999267578125,181.02999877929688,4146200.0
2023-10-24,183.2100067138672,184.35000610351562,181.8000030517578,182.36000061035156,4652900.0
2023-10-25,186.0,187.0,176.25,177.72999572753906,13806400.0
2023-10-26,177.11000061035156,182.9499969482422,176.52999877929688,179.08999633789062,6961800.0
2023-10-27,180.0,182.3300018310547,179.00999450683594,179.69000244140625,4606300.0
2023-10-30,179.4199981689453,184.16000366210938,179.4199981689453,182.35000610351562,5507100.0
2023-10-31,183.3800048828125,187.2899932861328,181.32000732421875,186.82000732421875,5043000.0
2023-11-01,189.69000244140625,190.77999877929688,187.5,189.3800048828125,5832200.0
2023-11-02,190.89999389648438,192.94000244140625,190.33999633789062,192.00999450683594,4313000.0
2023-11-03,194.0,197.13999938964844,193.7100067138672,195.0500030517578,4483200.0
2023-11-06,195.8800048828125,196.14999389648438,192.4600067138672,192.9499969482422,4222200.0
2023-11-07,192.1699981689453,192.1699981689453,189.57000732421875,191.41000366210938,4012900.0
2023-11-08,191.4499969482422,192.44000244140625,190.13999938964844,191.8300018310547,2984200.0
2023-11-09,193.02999877929688,197.07000732421875,192.55999755859375,193.3300018310547,4576300.0
2023-11-10,195.0,197.25999450683594,194.2100067138672,196.64999389648438,4788500.0
2023-11-13,203.49000549316406,206.85000610351562,202.50999450683594,204.5399932861328,13040300.0
2023-11-14,207.25,208.55999755859375,205.97999572753906,207.47000122070312,7280100.0
2023-11-15,208.2100067138672,211.08999633789062,207.60000610351562,208.7100067138672,5205900.0
2023-11-16,207.5,207.88999938964844,204.80999755859375,206.60000610351562,4655100.0
2023-11-17,208.36000061035156,209.4199981689453,206.82000732421875,208.0399932861328,3564600.0
2023-11-20,211.00999450683594,218.8800048828125,210.94000244140625,217.7100067138672,11568100.0
2023-11-21,216.5,219.3800048828125,216.07000732421875,218.27000427246094,5362100.0
2023-11-22,218.0,221.5,217.6999969482422,219.91000366210938,5384400.0
2023-11-23,218.0,221.5,217.6999969482422,219.91000366210938,5384400.0
2023-11-24,220.61000061035156,221.58999633789062,218.9600067138672,220.0,2312100.0
2023-11-27,218.80999755859375,219.52999877929688,217.66000366210938,219.3000030517578,3691200.0
2023-11-28,222.00999450683594,224.8000030517578,219.41000366210938,222.3699951171875,7817800.0
2023-11-29,223.35000610351562,224.99000549316406,221.33999633789062,224.42999267578125,5424400.0
2023-11-30,225.0,233.0,225.0,231.6300048828125,8736200.0
2023-12-01,231.77000427246094,235.3800048828125,231.3800048828125,233.8699951171875,6951000.0
2023-12-04,231.3000030517578,234.94000244140625,230.07000732421875,234.8699951171875,5228500.0
2023-12-05,233.5399932861328,234.74000549316406,231.49000549316406,234.16000366210938,3589800.0
2023-12-06,234.77999877929688,239.22999572753906,234.42999267578125,236.88999938964844,4740600.0
2023-12-07,236.89999389648438,238.3000030517578,230.0,237.3300018310547,6363700.0
2023-12-08,237.32000732421875,244.6999969482422,237.32000732421875,244.6999969482422,7164400.0
2023-12-11,243.5,248.0800018310547,243.30999755859375,248.0800018310547,7545000.0
2023-12-12,247.9499969482422,250.57000732421875,247.39999389648438,248.6300048828125,5719200.0
2023-12-13,249.10000610351562,251.8699951171875,247.52999877929688,250.91000366210938,5513400.0
2023-12-14,250.91000366210938,257.1199951171875,249.25999450683594,256.239990234375,7883600.0
2023-12-15,255.6999969482422,265.5199890136719,255.6999969482422,264.2699890136719,14989000.0
2023-12-18,260.6300048828125,263.1300048828125,260.25,260.4100036621094,6140100.0
2023-12-19,261.0400085449219,265.3399963378906,260.79998779296875,263.510009765625,6089500.0
2023-12-20,262.25,266.1300048828125,260.1499938964844,260.25,5151700.0
2023-12-21,265.95001220703125,267.5400085449219,260.19000244140625,262.0199890136719,6487200.0
2023-12-22,261.8299865722656,262.8399963378906,259.20001220703125,260.44000244140625,4430500.0
2023-12-25,261.8299865722656,262.8399963378906,259.20001220703125,260.44000244140625,4430500.0
2023-12-26,259.79998779296875,263.760009765625,259.5400085449219,262.7900085449219,3938600.0
2023-12-27,262.6300048828125,264.6600036621094,260.8999938964844,262.1000061035156,3484900.0
2023-12-28,261.5299987792969,262.1000061035156,257.67999267578125,260.3500061035156,5096400.0
2023-12-29,260.6700134277344,262.2200012207031,259.55999755859375,260.6600036621094,3681900.0
2024-01-01,260.6700134277344,262.2200012207031,259.55999755859375,260.6600036621094,3681900.0
2024-01-02,257.2799987792969,258.5899963378906,250.8699951171875,251.75999450683594,5815200.0
2024-01-03,248.32000732421875,250.1300048828125,243.0,243.91000366210938,7219900.0
2024-01-04,244.5800018310547,248.27999877929688,244.17999267578125,244.94000244140625,5170700.0
2024-01-05,245.0399932861328,250.19000244140625,245.0399932861328,249.0,3846200.0
2024-01-08,228.0,233.85000610351562,225.7899932861328,229.0,40730400.0
2024-01-09,225.66000366210938,228.7899932861328,223.1999969482422,225.75999450683594,20687500.0
2024-01-10,226.89999389648438,231.61000061035156,226.63999938964844,227.83999633789062,12883700.0
2024-01-11,228.07000732421875,228.27999877929688,222.6199951171875,222.66000366210938,11830500.0
2024-01-12,219.97000122070312,222.07000732421875,217.0399932861328,217.6999969482422,11268800.0
2024-01-15,219.97000122070312,222.07000732421875,217.0399932861328,217.6999969482422,11268800.0
2024-01-16,210.07000732421875,210.97999572753906,199.5,200.52000427246094,35290000.0
2024-01-17,202.6300048828125,206.3000030517578,201.64999389648438,203.05999755859375,20140100.0
2024-01-18,205.63999938964844,213.0399932861328,203.32000732421875,211.61000061035156,20046800.0
2024-01-19,210.88999938964844,215.16000366210938,209.22999572753906,215.02000427246094,14320200.0
2024-01-22,213.07000732421875,217.0,212.36000061035156,214.92999267578125,10760800.0
2024-01-23,215.35000610351562,216.85000610351562,211.1300048828125,211.5,9076900.0
2024-01-24,209.8300018310547,217.58999633789062,209.36000061035156,214.1300048828125,15119100.0
2024-01-25,208.1999969482422,208.72999572753906,198.32000732421875,201.8800048828125,22112500.0
2024-01-26,203.0800018310547,206.75,203.0,205.47000122070312,9911200.0
2024-01-29,206.05999755859375,207.0399932861328,203.85000610351562,205.19000244140625,7535400.0
2024-01-30,203.64999389648438,203.97999572753906,199.13999938964844,200.44000244140625,13321200.0
2024-01-31,204.9199981689453,213.77000427246094,203.25,211.0399932861328,22409400.0
2024-02-01,213.83999633789062,214.6300048828125,206.80999755859375,209.80999755859375,10679200.0
2024-02-02,209.05999755859375,209.5399932861328,206.35000610351562,209.3800048828125,6271200.0
2024-02-05,204.63999938964844,207.33999633789062,202.0,206.6300048828125,8682500.0
2024-02-06,206.02000427246094,210.63999938964844,203.88999938964844,208.5800018310547,7556900.0
2024-02-07,208.75999450683594,213.77000427246094,207.99000549316406,211.9199981689453,7747700.0
2024-02-08,212.39999389648438,213.10000610351562,208.72000122070312,209.22000122070312,5787700.0
2024-02-09,209.77000427246094,211.44000244140625,207.89999389648438,209.1999969482422,4349700.0
2024-02-12,208.6999969482422,209.8000030517578,207.60000610351562,209.3300018310547,4077400.0
2024-02-13,206.89999389648438,207.80999755859375,202.3300018310547,204.4600067138672,8263600.0
2024-02-14,205.9499969482422,206.5800018310547,202.2100067138672,203.3800048828125,6503000.0
2024-02-15,204.1199951171875,206.5500030517578,203.39999389648438,205.3300018310547,5309100.0
2024-02-16,204.8800048828125,205.0500030517578,202.80999755859375,203.88999938964844,5975900.0
2024-02-19,204.8800048828125,205.0500030517578,202.80999755859375,203.88999938964844,5975900.0
2024-02-20,203.5500030517578,205.5800018310547,202.7100067138672,203.3699951171875,5248400.0
2024-02-21,202.89999389648438,203.6300048828125,201.2100067138672,201.57000732421875,4179800.0
2024-02-22,202.0,204.10000610351562,200.39999389648438,201.5,6513500.0
2024-02-23,200.99000549316406,202.07000732421875,197.14999389648438,200.8300018310547,7433400.0
2024-02-26,201.00999450683594,202.75,200.0,200.5399932861328,4807200.0
2024-02-27,200.92999267578125,202.0,200.0399932861328,201.39999389648438,3932900.0
2024-02-28,201.13999938964844,208.10000610351562,200.17999267578125,207.0,9654700.0
2024-02-29,206.44000244140625,206.6199951171875,202.6999969482422,203.72000122070312,6670300.0
2024-03-01,204.0,205.05999755859375,199.00999450683594,200.0,11591000.0
2024-03-04,199.5,201.5399932861328,196.9199981689453,200.5399932861328,7213900.0
2024-03-05,199.49000549316406,202.85000610351562,198.6999969482422,201.13999938964844,5034700.0
2024-03-06,201.77000427246094,202.35000610351562,199.86000061035156,201.0,4736600.0
2024-03-07,200.6999969482422,203.72999572753906,200.57000732421875,203.02999877929688,5965300.0
2024-03-08,201.83999633789062,203.8000030517578,198.4600067138672,198.49000549316406,8993600.0
2024-03-11,194.2100067138672,196.07000732421875,189.8000030517578,192.49000549316406,14160600.0
2024-03-12,188.24000549316406,188.5800018310547,183.16000366210938,184.24000549316406,18714800.0
2024-03-13,183.16000366210938,185.97000122070312,182.0800018310547,182.35000610351562,10196100.0
2024-03-14,182.0,184.94000244140625,180.52000427246094,181.14999389648438,10016200.0
2024-03-15,180.99000549316406,184.17999267578125,180.91000366210938,182.52999877929688,10708600.0
2024-03-18,180.25999450683594,181.19000244140625,177.52000427246094,179.83999633789062,9497800.0
2024-03-19,180.11000061035156,181.86000061035156,179.74000549316406,181.13999938964844,7648000.0
2024-03-20,178.99000549316406,188.3000030517578,178.60000610351562,187.77999877929688,12770000.0
2024-03-21,189.7899932861328,190.3800048828125,187.5500030517578,187.6999969482422,7436400.0
2024-03-22,188.75,192.94000244140625,188.19000244140625,188.85000610351562,7822800.0
2024-03-25,196.00999450683594,196.17999267578125,189.5,191.41000366210938,12953000.0
2024-03-26,192.02000427246094,192.02999877929688,186.80999755859375,187.5,8972200.0
2024-03-27,188.83999633789062,191.99000549316406,188.3300018310547,191.9499969482422,7372800.0
2024-03-28,192.0,193.3800048828125,191.1999969482422,192.99000549316406,4471700.0
2024-03-29,192.0,193.3800048828125,191.1999969482422,192.99000549316406,4471700.0
2024-04-01,192.24000549316406,192.8699951171875,189.02999877929688,189.5,5107800.0
2024-04-02,189.0,189.22999572753906,187.1300048828125,188.0399932861328,4477200.0
2024-04-03,187.67999267578125,188.77999877929688,184.27000427246094,184.9199981689453,6609300.0
2024-04-04,185.92999267578125,188.0,182.80999755859375,183.2899932861328,6513800.0
2024-04-05,184.16000366210938,184.66000366210938,182.44000244140625,183.13999938964844,4126900.0
2024-04-08,182.13999938964844,184.5500030517578,181.49000549316406,181.55999755859375,6176400.0
2024-04-09,181.50999450683594,183.0500030517578,176.57000732421875,178.1199951171875,11439900.0
2024-04-10,176.30999755859375,178.10000610351562,172.44000244140625,174.6300048828125,9727700.0
2024-04-11,174.47000122070312,174.6999969482422,171.3800048828125,173.36000061035156,7625100.0
2024-04-12,172.1999969482422,173.24000549316406,169.3699951171875,169.5500030517578,7548900.0
2024-04-15,170.74000549316406,171.17999267578125,167.52999877929688,167.82000732421875,6490700.0
2024-04-16,168.13999938964844,170.63999938964844,167.75,170.5500030517578,7986700.0
2024-04-17,170.0,170.85000610351562,168.1199951171875,170.2100067138672,8162600.0
2024-04-18,169.47999572753906,172.0399932861328,169.10000610351562,170.22999572753906,5123000.0
2024-04-19,170.0,172.0,169.64999389648438,169.82000732421875,4688600.0
2024-04-22,169.82000732421875,172.14999389648438,168.16000366210938,170.47999572753906,4724900.0
2024-04-23,170.9499969482422,171.17999267578125,168.42999267578125,169.17999267578125,7632100.0
2024-04-24,176.5,177.63999938964844,162.74000549316406,164.3300018310547,20889300.0
2024-04-25,163.58999633789062,168.1300048828125,159.6999969482422,166.80999755859375,12504700.0
2024-04-26,165.97999572753906,168.64999389648438,164.92999267578125,167.22000122070312,7208100.0
2024-04-29,167.89999389648438,173.80999755859375,167.5500030517578,173.49000549316406,7788600.0
2024-04-30,171.49000549316406,174.07000732421875,167.75999450683594,167.83999633789062,8248800.0
2024-05-01,167.5,173.86000061035156,167.5,171.4600067138672,6191900.0
2024-05-02,173.0,178.89999389648438,172.25,178.85000610351562,10223700.0
2024-05-03,179.58999633789062,180.49000549316406,177.89999389648438,179.7899932861328,5416300.0
2024-05-06,180.8800048828125,183.97999572753906,174.7100067138672,178.35000610351562,11913400.0
2024-05-07,177.22000122070312,178.35000610351562,176.1300048828125,176.7100067138672,5097500.0
2024-05-08,175.9499969482422,181.66000366210938,175.9499969482422,180.35000610351562,4956800.0
2024-05-09,179.5500030517578,181.75,179.30999755859375,181.25,5107400.0
2024-05-10,181.25,181.8800048828125,177.9199981689453,178.50999450683594,3715500.0
2024-05-13,179.0399932861328,180.75,178.07000732421875,178.44000244140625,3105200.0
2024-05-14,180.22999572753906,183.66000366210938,179.6300048828125,180.75999450683594,4686500.0
2024-05-15,180.13999938964844,180.6699981689453,176.1699981689453,176.99000549316406,5858900.0
2024-05-16,177.60000610351562,183.75999450683594,177.25,182.9600067138672,6993200.0
2024-05-17,183.25,185.3800048828125,181.22000122070312,184.9499969482422,5562400.0
2024-05-20,184.64999389648438,188.6300048828125,184.00999450683594,186.61000061035156,6228600.0
2024-05-21,185.3000030517578,186.38999938964844,183.11000061035156,184.77999877929688,4349100.0
2024-05-22,184.60000610351562,186.82000732421875,183.41000366210938,186.27999877929688,3785400.0
2024-05-23,185.7899932861328,186.0,171.61000061035156,172.2100067138672,17116000.0
2024-05-24,173.1999969482422,174.86000061035156,169.57000732421875,174.52000427246094,9485000.0
2024-05-27,173.1999969482422,174.86000061035156,169.57000732421875,174.52000427246094,9485000.0
2024-05-28,174.72999572753906,178.49000549316406,173.3800048828125,175.0800018310547,5274400.0
2024-05-29,173.61000061035156,175.8300018310547,171.61000061035156,171.64999389648438,3666400.0
2024-05-30,172.63999938964844,174.67999267578125,171.5500030517578,172.75,3927900.0
2024-05-31,173.1199951171875,177.89999389648438,172.2100067138672,177.61000061035156,5774500.0
2024-06-03,178.08999633789062,186.00999450683594,178.02000427246094,184.57000732421875,8951600.0
2024-06-04,185.0500030517578,188.83999633789062,183.25,188.6199951171875,7176800.0
2024-06-05,187.89999389648438,190.33999633789062,186.52999877929688,189.85000610351562,5944000.0
2024-06-06,188.8300018310547,192.10000610351562,187.35000610351562,191.4199981689453,5942200.0
2024-06-07,190.4600067138672,191.97999572753906,189.66000366210938,190.24000549316406,3374500.0
2024-06-10,190.0,192.6300048828125,189.60000610351562,190.1199951171875,4388300.0
2024-06-11,189.32000732421875,189.32000732421875,182.75,185.5,5010100.0
2024-06-12,186.5,187.16000366210938,181.7100067138672,182.6699981689453,5245200.0
2024-06-13,181.74000549316406,183.8699951171875,178.99000549316406,180.6999969482422,4201000.0
2024-06-14,178.89999389648438,180.2899932861328,175.22000122070312,177.27000427246094,5106000.0
2024-06-17,176.75,180.4499969482422,176.32000732421875,178.38999938964844,4790000.0
2024-06-18,177.61000061035156,178.0,173.82000732421875,174.99000549316406,6179900.0
2024-06-19,177.61000061035156,178.0,173.82000732421875,174.99000549316406,6179900.0
2024-06-20,173.02000427246094,176.64999389648438,172.0500030517578,176.3000030517578,5479300.0
2024-06-21,176.8300018310547,178.41000366210938,175.66000366210938,176.55999755859375,8635100.0
2024-06-24,176.14999389648438,180.60000610351562,175.58999633789062,179.10000610351562,7388300.0
2024-06-25,176.2899932861328,178.75999450683594,173.2899932861328,175.10000610351562,7695100.0
2024-06-26,174.9600067138672,178.82000732421875,173.75999450683594,178.5,6553900.0
2024-06-27,178.91000366210938,183.67999267578125,178.00999450683594,182.50999450683594,8199000.0
2024-06-28,182.60000610351562,184.44000244140625,180.64999389648438,182.00999450683594,5899900.0
2024-07-01,182.1999969482422,189.47000122070312,182.1999969482422,186.6999969482422,9056700.0
2024-07-02,186.33999633789062,189.22999572753906,184.52000427246094,185.4199981689453,4110500.0
2024-07-03,185.0500030517578,185.4199981689453,182.85000610351562,184.30999755859375,2764800.0
2024-07-04,185.0500030517578,185.4199981689453,182.85000610351562,184.30999755859375,2764800.0
2024-07-05,184.0,185.3800048828125,182.22999572753906,184.8300018310547,3290400.0
2024-07-08,186.94000244140625,191.5,182.27999877929688,185.83999633789062,9878100.0
2024-07-09,185.11000061035156,186.25,183.14999389648438,183.24000549316406,3942900.0
2024-07-10,183.60000610351562,184.89999389648438,182.8000030517578,183.72999572753906,3583200.0
2024-07-11,184.1699981689453,186.10000610351562,183.39999389648438,183.91000366210938,4840600.0
2024-07-12,183.72999572753906,184.49000549316406,180.4499969482422,182.30999755859375,5129300.0
2024-07-15,183.5,183.72000122070312,178.8800048828125,179.11000061035156,5189000.0
2024-07-16,180.0500030517578,187.44000244140625,179.1999969482422,186.0500030517578,8546400.0
2024-07-17,185.32000732421875,188.4499969482422,183.7899932861328,184.83999633789062,4899600.0
2024-07-18,184.24000549316406,187.3699951171875,179.8800048828125,180.22999572753906,5354800.0
2024-07-19,181.39999389648438,181.5,177.38999938964844,179.6699981689453,5121300.0
2024-07-22,181.36000061035156,182.72000122070312,177.22999572753906,178.89999389648438,4883500.0
2024-07-23,179.10000610351562,187.0399932861328,179.0,186.47999572753906,7614300.0
2024-07-24,185.6199951171875,187.0,179.97000122070312,180.07000732421875,5109100.0
2024-07-25,179.4499969482422,188.35000610351562,179.4499969482422,184.35000610351562,6128000.0
2024-07-26,185.86000061035156,189.58999633789062,184.6300048828125,186.88999938964844,6272000.0
2024-07-29,186.6999969482422,187.0800018310547,183.8300018310547,185.42999267578125,3608600.0
2024-07-30,186.10000610351562,188.1300048828125,185.14999389648438,186.86000061035156,4789000.0
2024-07-31,189.8800048828125,196.9499969482422,183.86000061035156,190.60000610351562,15417000.0
2024-08-01,190.0,191.1699981689453,176.69000244140625,178.30999755859375,13887000.0
2024-08-02,175.22000122070312,175.4600067138672,167.25,169.9499969482422,11742800.0
2024-08-05,162.52000427246094,167.67999267578125,162.5,167.02999877929688,9255100.0
2024-08-06,168.88999938964844,169.19000244140625,163.38999938964844,165.0399932861328,5817300.0
2024-08-07,167.0,167.97999572753906,162.99000549316406,163.24000549316406,5186400.0
2024-08-08,164.22999572753906,169.35000610351562,164.0,168.8699951171875,6063800.0
2024-08-09,168.38999938964844,169.85000610351562,166.89999389648438,167.91000366210938,3635600.0
2024-08-12,167.72999572753906,168.0500030517578,163.52000427246094,164.1300048828125,4715600.0
2024-08-13,164.5,168.8800048828125,162.6199951171875,168.75999450683594,6475500.0
2024-08-14,167.88999938964844,169.75,167.3300018310547,168.5,3852700.0
2024-08-15,170.0,176.55999755859375,169.97999572753906,176.41000366210938,5942200.0
2024-08-16,176.3000030517578,180.50999450683594,176.3000030517578,179.99000549316406,6731500.0
2024-08-19,180.0399932861328,180.6999969482422,177.6300048828125,179.63999938964844,3894200.0
2024-08-20,176.49000549316406,177.5,170.0399932861328,172.10000610351562,9549100.0
2024-08-21,173.0,174.1999969482422,171.0399932861328,173.42999267578125,4493600.0
2024-08-22,173.0,175.2100067138672,172.3000030517578,172.75999450683594,2788000.0
2024-08-23,173.8800048828125,176.9199981689453,173.1699981689453,174.9600067138672,4405900.0
2024-08-26,173.0,174.9199981689453,172.3000030517578,173.47999572753906,4034300.0
2024-08-27,173.6199951171875,173.92999267578125,171.25,173.0500030517578,3295800.0
2024-08-28,172.3000030517578,174.25,170.14999389648438,170.7100067138672,4550300.0
2024-08-29,171.7100067138672,175.27999877929688,170.6199951171875,172.25999450683594,4119500.0
2024-08-30,173.13999938964844,174.36000061035156,171.49000549316406,173.74000549316406,4146200.0
2024-09-02,173.13999938964844,174.36000061035156,171.49000549316406,173.74000549316406,4146200.0
2024-09-03,167.02999877929688,169.60000610351562,158.3000030517578,161.02000427246094,17925400.0
2024-09-04,160.27999877929688,166.6999969482422,160.27999877929688,163.22000122070312,7316300.0
2024-09-05,164.14999389648438,164.6199951171875,160.10000610351562,162.14999389648438,4717500.0
2024-09-06,162.5,162.85000610351562,156.6999969482422,157.6199951171875,7328600.0
2024-09-09,162.3000030517578,164.5500030517578,161.11000061035156,162.91000366210938,9091500.0
2024-09-10,162.61000061035156,163.89999389648438,157.92999267578125,160.07000732421875,6367100.0
2024-09-11,159.7899932861328,161.8699951171875,156.10000610351562,161.3300018310547,6664800.0
2024-09-12,159.4199981689453,163.5,159.05999755859375,162.77000427246094,4756400.0
2024-09-13,159.77999877929688,162.88999938964844,155.60000610351562,156.77000427246094,19003400.0
2024-09-16,156.25,157.75999450683594,154.02000427246094,155.5500030517578,9955200.0
2024-09-17,156.1699981689453,158.8800048828125,155.13999938964844,156.38999938964844,8123200.0
2024-09-18,157.0,158.4499969482422,154.8000030517578,155.11000061035156,7714400.0
2024-09-19,157.0,157.17999267578125,154.27000427246094,154.58999633789062,9570000.0
2024-09-20,154.00999450683594,154.63999938964844,152.60000610351562,153.2899932861328,13919400.0
2024-09-23,153.0,158.42999267578125,151.64999389648438,156.3000030517578,12476800.0
2024-09-24,155.8000030517578,155.89999389648438,153.69000244140625,155.80999755859375,7414900.0
2024-09-25,156.4199981689453,157.22000122070312,152.0399932861328,152.22000122070312,9587700.0
2024-09-26,153.94000244140625,157.3300018310547,152.66000366210938,154.5800018310547,11414400.0
2024-09-27,155.3699951171875,157.3300018310547,154.38999938964844,156.32000732421875,7637000.0
2024-09-30,154.7899932861328,155.3000030517578,151.24000549316406,152.0399932861328,10902200.0
2024-10-01,151.4600067138672,156.39999389648438,149.49000549316406,154.22000122070312,12588800.0
2024-10-02,153.75999450683594,154.85000610351562,152.83999633789062,152.88999938964844,4357000.0
2024-10-03,152.1199951171875,152.74000549316406,150.50999450683594,150.52000427246094,5704800.0
2024-10-04,152.25999450683594,155.0,150.85000610351562,155.0,6657500.0
2024-10-07,155.0,158.75999450683594,154.67999267578125,155.91000366210938,6267900.0
2024-10-08,155.99000549316406,156.6999969482422,154.13999938964844,154.64999389648438,5336300.0
2024-10-09,152.0500030517578,152.19000244140625,148.8000030517578,149.3699951171875,12488500.0
2024-10-10,149.07000732421875,149.11000061035156,146.25999450683594,146.6199951171875,11275800.0
2024-10-11,146.3000030517578,151.1199951171875,146.3000030517578,151.02000427246094,10688600.0
2024-10-14,148.0,150.08999633789062,146.02000427246094,148.99000549316406,9737000.0
2024-10-15,150.5,153.9499969482422,148.5500030517578,152.35000610351562,11241700.0
2024-10-16,151.91000366210938,154.99000549316406,151.33999633789062,154.89999389648438,8356200.0
2024-10-17,155.0,157.13999938964844,154.25,155.30999755859375,6291800.0
2024-10-18,155.83999633789062,156.3699951171875,153.89999389648438,155.0,6030200.0
2024-10-21,160.25,163.44000244140625,158.36000061035156,159.82000732421875,13277600.0
2024-10-22,160.5,160.66000366210938,158.3699951171875,159.8800048828125,7380800.0
2024-10-23,160.0,161.47000122070312,153.52999877929688,157.05999755859375,15931500.0
2024-10-24,152.61000061035156,155.88999938964844,151.97999572753906,155.1999969482422,9774400.0
2024-10-25,156.1999969482422,157.47999572753906,154.52000427246094,155.00999450683594,8153000.0
2024-10-28,153.5,155.1999969482422,150.61000061035156,150.69000244140625,20992500.0
2024-10-29,147.86000061035156,155.99000549316406,147.5800018310547,152.97999572753906,66387700.0
2024-10-30,152.50999450683594,156.91000366210938,152.50999450683594,154.2899932861328,50738400.0
2024-10-31,154.30999755859375,154.47999572753906,147.8800048828125,149.30999755859375,29388200.0
2024-11-01,152.77999877929688,156.0,151.22999572753906,154.58999633789062,18894500.0
2024-11-04,154.6199951171875,156.72000122070312,152.4600067138672,155.07000732421875,10290400.0
2024-11-05,157.47000122070312,157.66000366210938,150.64999389648438,151.0,23126600.0
2024-11-06,152.3000030517578,153.1999969482422,144.1300048828125,147.16000366210938,28069300.0
2024-11-07,148.8000030517578,152.8000030517578,148.02999877929688,150.97999572753906,14709200.0
2024-11-08,151.1199951171875,152.60000610351562,149.42999267578125,151.67999267578125,12996800.0
2024-11-11,152.0,152.5,148.07000732421875,148.9600067138672,12799100.0
2024-11-12,148.39999389648438,148.5,143.85000610351562,145.1699981689453,16746700.0
2024-11-13,145.5800018310547,145.5800018310547,139.10000610351562,139.97000122070312,21249600.0
2024-11-14,140.8000030517578,141.5500030517578,137.22000122070312,138.13999938964844,15646700.0
2024-11-15,138.13999938964844,140.32000732421875,137.02999877929688,140.19000244140625,12120100.0
2024-11-18,140.25999450683594,144.69000244140625,138.1999969482422,143.8699951171875,12259900.0
2024-11-19,143.0,145.99000549316406,142.69000244140625,145.60000610351562,8247300.0
2024-11-20,146.0399932861328,147.3000030517578,145.02000427246094,146.0800018310547,9232100.0
2024-11-21,146.38999938964844,146.4199981689453,141.33999633789062,143.41000366210938,7845100.0
2024-11-22,143.61000061035156,150.33999633789062,143.49000549316406,149.2899932861328,13353100.0
2024-11-25,150.6999969482422,153.27999877929688,150.25999450683594,153.10000610351562,11479400.0
2024-11-26,152.5,153.13999938964844,149.8000030517578,150.75999450683594,8235000.0
2024-11-27,151.11000061035156,152.91000366210938,150.25,152.39999389648438,5210100.0
2024-11-28,151.11000061035156,152.91000366210938,150.25,152.39999389648438,5210100.0
2024-11-29,153.0,157.5,152.85000610351562,155.44000244140625,7100100.0
2024-12-02,155.91000366210938,160.35000610351562,155.6999969482422,156.5399932861328,10097900.0
2024-12-03,156.0,156.64999389648438,154.4199981689453,155.0,6130300.0
2024-12-04,155.8800048828125,160.1999969482422,154.2100067138672,158.27999877929688,9269300.0
2024-12-05,158.5,160.02000427246094,156.0500030517578,156.6699981689453,7119800.0
2024-12-06,157.02999877929688,158.9499969482422,153.3699951171875,153.92999267578125,8182700.0
2024-12-09,154.27000427246094,161.9499969482422,154.27000427246094,157.0399932861328,13540000.0
2024-12-10,160.0,166.67999267578125,159.4199981689453,164.10000610351562,17149200.0
2024-12-11,165.52000427246094,169.3000030517578,164.3800048828125,165.9600067138672,13116600.0
2024-12-12,168.22999572753906,168.82000732421875,165.64999389648438,167.75,10617700.0
2024-12-13,168.0,170.42999267578125,166.3300018310547,169.64999389648438,9754900.0
2024-12-16,168.08999633789062,175.1999969482422,166.10000610351562,173.1699981689453,13050700.0
2024-12-17,173.0399932861328,175.7899932861328,171.7100067138672,173.02999877929688,13557100.0
2024-12-18,173.27999877929688,177.94000244140625,171.0,172.6199951171875,15437200.0
2024-12-19,175.0,179.5800018310547,173.72000122070312,177.0399932861328,14777100.0
2024-12-20,176.86000061035156,182.0,175.30999755859375,177.35000610351562,23233700.0
2024-12-23,178.1199951171875,179.64999389648438,174.2899932861328,177.69000244140625,8486400.0
2024-12-24,177.69000244140625,180.9499969482422,177.5,179.33999633789062,4317000.0
2024-12-25,177.69000244140625,180.9499969482422,177.5,179.33999633789062,4317000.0
2024-12-26,178.97999572753906,182.57000732421875,178.3300018310547,180.3800048828125,5905700.0
2024-12-27,180.00999450683594,181.42999267578125,179.39999389648438,180.72000122070312,6806900.0
2024-12-30,173.72000122070312,178.1699981689453,170.14999389648438,176.5500030517578,18082300.0
2024-12-31,177.5399932861328,179.35000610351562,175.82000732421875,177.0,9748600.0
2025-01-01,177.5399932861328,179.35000610351562,175.82000732421875,177.0,9748600.0
2025-01-02,178.30999755859375,179.19000244140625,169.82000732421875,171.8699951171875,12450000.0
2025-01-03,171.39999389648438,173.97999572753906,169.8000030517578,169.89999389648438,10513800.0
2025-01-06,173.5,173.94000244140625,170.19000244140625,170.77999877929688,11133400.0
2025-01-07,171.1699981689453,175.02000427246094,170.8000030517578,172.50999450683594,7045000.0
2025-01-08,171.14999389648438,173.77999877929688,169.61000061035156,171.75999450683594,5108700.0
2025-01-09,171.14999389648438,173.77999877929688,169.61000061035156,171.75999450683594,5108700.0
2025-01-10,171.49000549316406,173.5399932861328,167.41000366210938,172.0,7556800.0
2025-01-13,171.17999267578125,172.5,167.91000366210938,170.57000732421875,6049600.0
2025-01-14,171.3699951171875,171.8800048828125,164.6199951171875,167.02000427246094,7966900.0
2025-01-15,169.00999450683594,169.99000549316406,165.97000122070312,166.1999969482422,6451000.0
2025-01-16,166.7899932861328,170.63999938964844,166.57000732421875,168.92999267578125,5812300.0
2025-01-17,169.8000030517578,171.77000427246094,169.4499969482422,171.08999633789062,9557100.0
2025-01-20,169.8000030517578,171.77000427246094,169.4499969482422,171.08999633789062,9557100.0
2025-01-21,172.3800048828125,177.08999633789062,171.92999267578125,175.55999755859375,8755300.0
2025-01-22,175.2899932861328,176.22999572753906,173.8800048828125,174.8000030517578,5134400.0
2025-01-23,174.00999450683594,178.6699981689453,173.75,178.5,7097300.0
2025-01-24,176.0,180.42999267578125,174.3699951171875,176.05999755859375,9304200.0
2025-01-27,175.5500030517578,178.17999267578125,174.39999389648438,175.16000366210938,7148600.0
2025-01-28,181.30999755859375,188.47999572753906,174.02000427246094,177.77999877929688,22768900.0
2025-01-29,179.1300048828125,182.5500030517578,170.64999389648438,173.66000366210938,12263500.0
2025-01-30,174.58999633789062,179.94000244140625,173.72000122070312,179.52999877929688,6996300.0
2025-01-31,180.50999450683594,181.77999877929688,175.74000549316406,176.52000427246094,6116200.0
2025-02-03,174.11000061035156,178.1999969482422,173.1300048828125,175.8699951171875,6501700.0
2025-02-04,176.89999389648438,177.4499969482422,174.25,176.22999572753906,4503600.0
2025-02-05,176.0,181.86000061035156,175.50999450683594,181.83999633789062,7430400.0
2025-02-06,182.0,185.85000610351562,182.0,184.8000030517578,6919400.0
2025-02-07,185.25999450683594,186.11000061035156,180.92999267578125,181.49000549316406,5392300.0
2025-02-10,183.1199951171875,183.5500030517578,179.89999389648438,180.5500030517578,3989100.0
2025-02-11,179.77999877929688,182.13999938964844,177.60000610351562,180.44000244140625,4366700.0
2025-02-12,178.33999633789062,186.27000427246094,178.25,186.25,7686800.0
2025-02-13,187.0,188.24000549316406,185.08999633789062,185.44000244140625,6846300.0
2025-02-14,186.75,186.82000732421875,183.5800018310547,184.4199981689453,5044700.0
2025-02-17,186.75,186.82000732421875,183.5800018310547,184.4199981689453,5044700.0
2025-02-18,185.67999267578125,188.66000366210938,184.22000122070312,184.97000122070312,6929600.0
2025-02-19,185.30999755859375,187.22999572753906,181.8300018310547,186.14999389648438,7264800.0
2025-02-20,185.5800018310547,185.8000030517578,180.11000061035156,180.8800048828125,7863000.0
2025-02-21,181.27999877929688,182.1999969482422,174.7100067138672,177.14999389648438,8980300.0
2025-02-24,177.47999572753906,183.0399932861328,176.5500030517578,179.91000366210938,8392900.0
2025-02-25,180.4499969482422,181.8800048828125,176.33999633789062,178.27000427246094,5613900.0
2025-02-26,179.49000549316406,179.49000549316406,171.8300018310547,173.0399932861328,7111700.0
2025-02-27,174.52000427246094,177.14999389648438,173.58999633789062,173.8300018310547,4695200.0
2025-02-28,174.36000061035156,176.3000030517578,173.47999572753906,174.6300048828125,5803300.0
2025-03-03,177.02000427246094,178.39999389648438,169.4600067138672,170.05999755859375,6045600.0
2025-03-04,167.3699951171875,168.3800048828125,156.69000244140625,158.89999389648438,15870200.0
2025-03-05,159.9600067138672,164.3300018310547,158.80999755859375,163.16000366210938,7355800.0
2025-03-06,161.4199981689453,162.69000244140625,157.94000244140625,158.42999267578125,6892600.0
2025-03-07,157.19000244140625,158.36000061035156,149.0500030517578,154.17999267578125,12526700.0
2025-03-10,150.02999877929688,150.38999938964844,146.3000030517578,148.14999389648438,10204000.0
2025-03-11,148.0,155.00999450683594,145.4499969482422,154.05999755859375,10030500.0
2025-03-12,157.0,159.5399932861328,153.61000061035156,158.8000030517578,8706900.0
2025-03-13,159.22000122070312,161.74000549316406,157.25,159.32000732421875,5701600.0
2025-03-14,160.9199981689453,162.32000732421875,159.1999969482422,161.80999755859375,5215100.0
2025-03-17,160.5,162.77000427246094,159.6199951171875,161.85000610351562,5602700.0
2025-03-18,161.44000244140625,162.22999572753906,158.7899932861328,161.57000732421875,4195200.0
2025-03-19,165.32000732421875,174.1999969482422,165.0,172.6199951171875,14114800.0
2025-03-20,171.13999938964844,173.10000610351562,170.30999755859375,172.8300018310547,4934400.0
2025-03-21,172.05999755859375,183.4600067138672,170.77000427246094,178.11000061035156,26802400.0
2025-03-24,182.02999877929688,184.39999389648438,180.44000244140625,180.89999389648438,9986100.0
2025-03-25,182.16000366210938,183.85000610351562,180.36000061035156,182.58999633789062,7174400.0
2025-03-26,182.52999877929688,183.22999572753906,177.27999877929688,178.5500030517578,6615900.0
2025-03-27,178.52999877929688,182.22000122070312,178.02999877929688,179.11000061035156,4788600.0
2025-03-28,177.75,178.5,172.4499969482422,173.30999755859375,8211100.0
2025-03-31,170.64999389648438,172.2100067138672,166.7899932861328,170.5500030517578,7477500.0
2025-04-01,170.0,170.97999572753906,164.22000122070312,168.1699981689453,8252800.0
2025-04-02,166.39999389648438,170.3800048828125,165.5500030517578,168.55999755859375,5826600.0
2025-04-03,160.0,160.2100067138672,150.41000366210938,150.91000366210938,15877400.0
2025-04-04,143.3000030517578,146.0,132.7899932861328,136.58999633789062,22282000.0
2025-04-07,132.0500030517578,143.97000122070312,128.8800048828125,138.86000061035156,18825000.0
2025-04-08,146.85000610351562,147.77000427246094,137.39999389648438,139.38999938964844,14527900.0
2025-04-09,138.85000610351562,162.42999267578125,137.94000244140625,160.82000732421875,16775200.0
2025-04-10,154.97999572753906,157.35000610351562,149.41000366210938,155.52000427246094,10375000.0
2025-04-11,154.6199951171875,157.58999633789062,152.0,156.83999633789062,8810700.0
2025-04-14,159.82000732421875,162.5500030517578,157.60000610351562,159.27999877929688,7288700.0
2025-04-15,155.27999877929688,159.1199951171875,155.27999877929688,155.52000427246094,11541100.0
2025-04-16,154.3699951171875,157.66000366210938,153.5399932861328,156.47000122070312,6809600.0
2025-04-17,157.1300048828125,163.89999389648438,157.0,161.89999389648438,9220700.0
2025-04-18,157.1300048828125,163.89999389648438,157.0,161.89999389648438,9220700.0
2025-04-21,160.0,160.0,156.47000122070312,159.33999633789062,5703800.0
2025-04-22,162.5,163.08999633789062,158.5,162.52000427246094,9147300.0
2025-04-23,174.0,176.5800018310547,169.91000366210938,172.3699951171875,16264700.0
2025-04-24,171.1999969482422,177.39999389648438,169.0,176.25999450683594,10984200.0
2025-04-25,176.5,180.3300018310547,175.86000061035156,177.9499969482422,7644200.0
2025-04-28,182.75,184.52999877929688,180.75,182.3000030517578,9302600.0
2025-04-29,182.52000427246094,184.25,181.1999969482422,182.0,6795000.0
2025-04-30,178.47000122070312,183.7899932861328,177.6300048828125,183.24000549316406,6266800.0
2025-05-01,182.85000610351562,184.75,182.02999877929688,182.88999938964844,7322900.0
2025-05-02,185.0,187.5800018310547,184.0800018310547,185.4600067138672,8695900.0
2025-05-05,184.38999938964844,187.5800018310547,184.38999938964844,186.4600067138672,5413700.0
2025-05-06,184.7100067138672,186.1999969482422,183.6300048828125,185.9600067138672,4948000.0
2025-05-07,185.0,186.72000122070312,183.5,185.55999755859375,6094800.0
2025-05-08,186.75999450683594,194.75,186.22000122070312,191.6999969482422,15344100.0
2025-05-09,193.5500030517578,195.3000030517578,192.17999267578125,194.85000610351562,7654300.0
